player_name,batting_strike_rate,bowling_strike_rate
JP Duminy,34.28571429,30.47826087
CH Gayle,28.81034483,30.73684211
SK Raina,25.25625,31
DJ Hussey,22.46938776,32.3
A Symonds,30.03846154,23.47826087
JH Kallis,25.74157303,24.31081081
AD Mathews,19.32258065,28.82142857
YK Pathan,20.99099099,25.73913043
KH Pandya,19.13157895,26.18367347
RG Sharma,23.0960452,21.375
