"batsman","sum","count","?column?"
"CRD Fernando","2","1","2.0000000000000000"
"KP Appanna","1","1","1.00000000000000000000"
"LH Ferguson","1","1","1.00000000000000000000"
"AA Noffke","1","1","1.00000000000000000000"
"T Thushara","1","2","0.50000000000000000000"
"CV Varun","1","2","0.50000000000000000000"
"SB Jakati","1","2","0.50000000000000000000"
"WD Parnell","4","9","0.44444444444444444444"
"KB Arun Karthik","2","5","0.40000000000000000000"
"DS Kulkarni","3","9","0.33333333333333333333"
